{"stat.chestOpened":2,"stat.walkOneCm":5742,"stat.drop.minecraft.wooden_pickaxe":1,"stat.leaveGame":1,"stat.pickup.minecraft.crafting_table":2,"stat.craftItem.minecraft.crafting_table":1,"stat.pickup.minecraft.log":3,"stat.jump":58,"stat.swimOneCm":326,"stat.fallOneCm":838,"stat.pickup.minecraft.beef":10,"stat.useItem.minecraft.stone_axe":11,"stat.crouchOneCm":119,"stat.pickup.minecraft.dirt":3,"stat.useItem.minecraft.dirt":2,"stat.sprintOneCm":10364,"stat.useItem.minecraft.stone_slab2":4,"stat.craftItem.minecraft.stick":8,"stat.craftingTableInteraction":2,"stat.craftItem.minecraft.planks":12,"stat.craftItem.minecraft.stone_axe":1,"stat.mineBlock.minecraft.crafting_table":2,"stat.pickup.minecraft.leather":5,"stat.craftItem.minecraft.stone_pickaxe":1,"stat.useItem.minecraft.wooden_pickaxe":6,"stat.pickup.minecraft.cobblestone":6,"stat.mobKills":9,"stat.mineBlock.minecraft.log":3,"stat.flyOneCm":182891,"stat.drop":1,"stat.playOneMinute":6115,"stat.killEntity.Sheep":5,"stat.sneakTime":168,"stat.pickup.minecraft.wool":5,"stat.damageDealt":800,"stat.timeSinceDeath":6115,"stat.killEntity.Cow":4,"stat.mineBlock.minecraft.dirt":3,"stat.craftItem.minecraft.wooden_pickaxe":1,"stat.mineBlock.minecraft.stone":6,"stat.mineBlock.minecraft.tallgrass":4,"stat.pickup.minecraft.mutton":9}