{"stat.walkOneCm":43272,"stat.pickup.minecraft.wooden_axe":2,"stat.leaveGame":3,"stat.pickup.minecraft.iron_sword":2,"stat.pickup.minecraft.carpet":64,"stat.useItem.minecraft.diamond_sword":5,"stat.pickup.minecraft.diamond_sword":2,"stat.jump":168,"stat.pickup.minecraft.beef":1,"stat.killEntity.ellie":1,"stat.pickup.minecraft.porkchop":5,"stat.pickup.minecraft.stone":64,"stat.crouchOneCm":1593,"stat.pickup.minecraft.sapling":88,"stat.sprintOneCm":22253,"stat.useItem.minecraft.stone_slab2":77,"stat.pickup.minecraft.bow":3,"stat.useItem.minecraft.concrete":21,"stat.pickup.minecraft.gold_ingot":2,"stat.pickup.minecraft.grass":1,"stat.damageTaken":10,"stat.mobKills":2,"stat.pickup.minecraft.emerald":1,"stat.pickup.minecraft.spawn_egg":64,"stat.flyOneCm":267398,"stat.pickup.minecraft.bed":1,"stat.deaths":2,"stat.pickup.minecraft.concrete":130,"stat.pickup.minecraft.diamond":2,"stat.playOneMinute":24352,"stat.killEntity.Sheep":1,"stat.sneakTime":704,"stat.pickup.minecraft.wool":6,"stat.damageDealt":375,"stat.timeSinceDeath":17307,"stat.pickup.minecraft.stone_slab":1,"stat.useItem.minecraft.spawn_egg":1,"stat.pickup.minecraft.mutton":8}