{"stat.walkOneCm":53102,"stat.leaveGame":3,"stat.pickup.minecraft.carpet":64,"stat.useItem.minecraft.carpet":10,"stat.jump":180,"stat.pickup.minecraft.stone":65,"stat.pickup.minecraft.porkchop":1,"stat.crouchOneCm":3639,"stat.pickup.minecraft.chicken":2,"stat.sprintOneCm":35528,"stat.useItem.minecraft.stone_slab2":123,"stat.useItem.minecraft.concrete":106,"stat.useItem.minecraft.stone_slab":4,"stat.killEntity.Chicken":2,"stat.pickup.minecraft.grass":1,"stat.damageTaken":105,"stat.pickup.minecraft.feather":3,"stat.pickup.minecraft.leather":2,"stat.mobKills":10,"stat.killEntity.Llama":1,"stat.flyOneCm":447953,"stat.deaths":1,"stat.pickup.minecraft.concrete":64,"stat.playOneMinute":23800,"stat.killEntity.Sheep":5,"stat.sneakTime":699,"stat.pickup.minecraft.wool":3,"stat.damageDealt":950,"stat.timeSinceDeath":17575,"stat.pickup.minecraft.stone_slab":1,"stat.killEntity.Pig":2,"stat.pickup.minecraft.mutton":4}