{"stat.chestOpened":3,"stat.useItem.rtm.item_train":6,"stat.useItem.minecraft.splash_potion":86,"stat.walkOneCm":43204,"stat.leaveGame":3,"stat.pickup.minecraft.iron_sword":4,"stat.pickup.sexmod.allies_lamp":1,"stat.useItem.minecraft.diamond_sword":19,"stat.useItem.rtm.item_motorman":1,"stat.jump":165,"stat.pickup.minecraft.beef":3,"stat.pickup.rtm.effect":1,"stat.killEntity.ellie":2,"stat.pickup.minecraft.porkchop":4,"stat.crouchOneCm":2078,"stat.drop.minecraft.emerald":2,"stat.sprintOneCm":18507,"stat.useItem.minecraft.stone_slab2":6,"stat.drop.cfm.present":1,"stat.pickup.minecraft.bow":4,"stat.pickup.minecraft.gold_ingot":2,"stat.killEntity.jenny":4,"stat.pickup.minecraft.emerald":2,"stat.mobKills":7,"stat.pickup.rtm.item_train":64,"stat.pickup.minecraft.spawn_egg":1,"stat.flyOneCm":249177,"stat.deaths":1,"stat.pickup.minecraft.diamond":2,"stat.drop":4,"stat.playOneMinute":36319,"stat.sneakTime":890,"stat.drop.minecraft.gold_ingot":2,"stat.damageDealt":1560,"stat.timeSinceDeath":7742,"stat.drop.minecraft.diamond":2,"stat.useItem.minecraft.spawn_egg":1}